ZIP,OFFENSE-DESC,OFFENSE-DESC
78006,TABC-Liquor Law Violation,2
78015,TABC-Liquor Law Violation,1
78023,Drug Arrest,46
78023,TABC-Liquor Law Violation,29
78023,Family Violence,14
78023,Panhandling,11
78023,Larceny,10
78023,Obstruction of Justice,10
78023,Theft of Vehicle,6
78023,Fraud,5
78023,Assault,4
78023,Vandalism,4
78023,Burglary Vehicle,3
78023,Driving While Intoxicated,3
78023,Traffic Violation,3
78023,Trespassing,3
78023,Threats,2
78023,Aggravated Family Violence,1
78023,Aggravated Sexual Assault,1
78023,Burglary Habitation,1
78023,Deadly Conduct,1
78023,Kidnapping,1
78025,Panhandling,1
78056,Drug Arrest,1
78069,Drug Arrest,1
78070,Driving While Intoxicated,2
78070,Aggravated Assault,1
78070,Drug Arrest,1
78070,Panhandling,1
78070,Traffic Violation,1
78073,Drug Arrest,21
78073,TABC-Liquor Law Violation,5
78073,Aggravated Robbery Business,4
78073,Family Violence,3
78073,Aggravated Robbery Individual,2
78073,Panhandling,2
78073,Trespassing,2
78073,Unauthorized Use of Motor Vehicle,2
78073,Injury to a Child,1
78073,Larceny,1
78108,TABC-Liquor Law Violation,2
78108,Drug Arrest,1
78109,Drug Arrest,48
78109,Obstruction of Justice,16
78109,Family Violence,11
78109,TABC-Liquor Law Violation,9
78109,Fraud,5
78109,Larceny,5
78109,Trespassing,5
78109,Assault,3
78109,Panhandling,3
78109,Weapon Violation,3
78109,Burglary Vehicle,2
78109,Traffic Violation,2
78109,Vandalism,2
78109,Aggravated Assault,1
78109,Aggravated Family Violence,1
78109,Aggravated Robbery Business,1
78109,Deadly Conduct,1
78109,Driving While Intoxicated,1
78109,Indecency with a Child,1
78109,Intoxication Assault,1
78109,Kidnapping,1
78109,Prostitution,1
78109,Robbery Business,1
78112,Drug Arrest,5
78112,TABC-Liquor Law Violation,4
78112,Family Violence,2
78112,Aggravated Assault,1
78112,Panhandling,1
78112,Traffic Violation,1
78121,Assault,1
78130,TABC-Liquor Law Violation,52
78130,Drug Arrest,4
78130,Panhandling,3
78130,Driving While Intoxicated,1
78130,Fraud,1
78130,Larceny,1
78130,Theft of Vehicle,1
78130,Traffic Violation,1
78132,TABC-Liquor Law Violation,1
78132,Weapon Violation,1
78148,Drug Arrest,3
78148,Theft of Vehicle,2
78148,Larceny,1
78148,Prostitution,1
78148,Vandalism,1
78148,Weapon Violation,1
78154,Family Violence,1
78154,Obstruction of Justice,1
78154,Unauthorized Use of Motor Vehicle,1
78155,Drug Arrest,4
78155,TABC-Liquor Law Violation,3
78155,Fraud,1
78163,Driving While Intoxicated,2
78163,Drug Arrest,2
78201,Drug Arrest,1978
78201,TABC-Liquor Law Violation,719
78201,Larceny,570
78201,Obstruction of Justice,441
78201,Family Violence,326
78201,Panhandling,226
78201,Prostitution,208
78201,Traffic Violation,204
78201,Weapon Violation,202
78201,Driving While Intoxicated,160
78201,Trespassing,150
78201,Assault,101
78201,Aggravated Assault,65
78201,Fraud,63
78201,Vandalism,63
78201,Theft of Vehicle,31
78201,Threats,31
78201,Aggravated Family Violence,29
78201,Aggravated Robbery Individual,26
78201,Deadly Conduct,24
78201,Unauthorized Use of Motor Vehicle,23
78201,VICE Violation,20
78201,Sexual Assault,18
78201,Burglary Habitation,16
78201,Injury to Elderly Person,16
78201,Burglary Vehicle,13
78201,Protective Order Violation,12
78201,Graffiti,10
78201,Aggravated Robbery Business,8
78201,Burglary Building,8
78201,Injury to a Child,8
78201,Arson,7
78201,Robbery Business,5
78201,Indecent Exposure,4
78201,Kidnapping,4
78201,Indecency with a Child,3
78201,Robbery Individual,2
78201,Aggravated Sexual Assault,1
78201,Intoxication Assault,1
78201,Murder,1
78202,Drug Arrest,950
78202,Obstruction of Justice,284
78202,TABC-Liquor Law Violation,257
78202,Prostitution,228
78202,Larceny,146
78202,Family Violence,140
78202,Trespassing,112
78202,Weapon Violation,102
78202,Traffic Violation,41
78202,Aggravated Assault,28
78202,Assault,24
78202,Aggravated Family Violence,21
78202,Threats,16
78202,Robbery Business,12
78202,Fraud,11
78202,Vandalism,11
78202,Aggravated Robbery Individual,10
78202,Injury to a Child,10
78202,Protective Order Violation,10
78202,Unauthorized Use of Motor Vehicle,10
78202,Driving While Intoxicated,9
78202,Panhandling,9
78202,Burglary Building,7
78202,Theft of Vehicle,7
78202,Burglary Vehicle,6
78202,Deadly Conduct,6
78202,Graffiti,5
78202,Injury to Elderly Person,4
78202,Aggravated Robbery Business,3
78202,Burglary Habitation,3
78202,Indecent Exposure,3
78202,Robbery Individual,3
78202,Sexual Assault,3
78202,Aggravated Sexual Assault,1
78203,Drug Arrest,412
78203,TABC-Liquor Law Violation,176
78203,Obstruction of Justice,102
78203,Family Violence,72
78203,Prostitution,61
78203,Weapon Violation,53
78203,Trespassing,38
78203,Traffic Violation,28
78203,Aggravated Assault,27
78203,Assault,24
78203,Vandalism,18
78203,Larceny,17
78203,Driving While Intoxicated,16
78203,Burglary Habitation,9
78203,Protective Order Violation,7
78203,Aggravated Family Violence,6
78203,Burglary Building,6
78203,Fraud,6
78203,Robbery Individual,6
78203,Arson,4
78203,Deadly Conduct,4
78203,Panhandling,4
78203,Threats,4
78203,Burglary Vehicle,3
78203,Injury to Elderly Person,3
78203,Injury to a Child,3
78203,Sexual Assault,3
78203,Unauthorized Use of Motor Vehicle,3
78203,Indecent Exposure,2
78203,Aggravated Robbery Individual,1
78203,Manslaughter,1
78203,Sex Offender Violation,1
78203,Theft of Vehicle,1
78204,Drug Arrest,411
78204,TABC-Liquor Law Violation,331
78204,Obstruction of Justice,111
78204,Family Violence,95
78204,Traffic Violation,60
78204,Larceny,53
78204,Trespassing,40
78204,Weapon Violation,39
78204,Driving While Intoxicated,26
78204,Assault,25
78204,Panhandling,22
78204,Aggravated Assault,16
78204,Theft of Vehicle,15
78204,Burglary Vehicle,13
78204,Vandalism,12
78204,Aggravated Family Violence,11
78204,Threats,8
78204,Aggravated Robbery Individual,6
78204,Burglary Habitation,6
78204,Deadly Conduct,5
78204,Fraud,5
78204,Prostitution,4
78204,Burglary Building,3
78204,Graffiti,3
78204,Injury to Elderly Person,3
78204,Injury to a Child,3
78204,Protective Order Violation,3
78204,Indecent Exposure,2
78204,Sexual Assault,1
78205,TABC-Liquor Law Violation,12289
78205,Drug Arrest,1956
78205,Panhandling,754
78205,Larceny,728
78205,Obstruction of Justice,659
78205,Trespassing,603
78205,Assault,384
78205,Traffic Violation,223
78205,Family Violence,111
78205,Vandalism,97
78205,Weapon Violation,91
78205,Driving While Intoxicated,63
78205,Fraud,50
78205,Burglary Vehicle,44
78205,Aggravated Assault,42
78205,Threats,38
78205,Robbery Individual,32
78205,Theft of Vehicle,29
78205,Robbery Business,22
78205,Indecent Exposure,19
78205,Deadly Conduct,13
78205,Burglary Building,12
78205,Graffiti,12
78205,Prostitution,10
78205,Aggravated Family Violence,6
78205,Aggravated Robbery Individual,6
78205,Protective Order Violation,6
78205,Injury to a Child,5
78205,Kidnapping,4
78205,Sex Offender Violation,4
78205,Burglary Habitation,3
78205,Indecency/Obscenity,3
78205,Unauthorized Use of Motor Vehicle,3
78205,Intoxication Assault,2
78205,Aggravated Robbery Business,1
78205,Arson,1
78205,Injury to Elderly Person,1
78205,Sexual Assault,1
78207,Drug Arrest,5372
78207,TABC-Liquor Law Violation,4002
78207,Obstruction of Justice,1215
78207,Prostitution,883
78207,Trespassing,659
78207,Family Violence,481
78207,Panhandling,480
78207,Traffic Violation,394
78207,Weapon Violation,371
78207,Larceny,357
78207,Assault,245
78207,Aggravated Assault,120
78207,Vandalism,104
78207,Driving While Intoxicated,103
78207,Theft of Vehicle,73
78207,Deadly Conduct,67
78207,Fraud,61
78207,Aggravated Family Violence,52
78207,Burglary Vehicle,51
78207,Threats,48
78207,Aggravated Robbery Individual,45
78207,Indecent Exposure,38
78207,Unauthorized Use of Motor Vehicle,33
78207,Burglary Habitation,32
78207,Robbery Individual,23
78207,Injury to Elderly Person,22
78207,Protective Order Violation,22
78207,Injury to a Child,21
78207,Burglary Building,20
78207,Aggravated Robbery Business,18
78207,Graffiti,14
78207,Sexual Assault,11
78207,Robbery Business,7
78207,Arson,5
78207,Kidnapping,4
78207,Aggravated Sexual Assault,3
78207,Indecency/Obscenity,2
78207,Manslaughter,2
78207,Capital Murder,1
78207,Indecency with a Child,1
78207,Intoxication Assault,1
78207,Sex Offender Violation,1
78208,Drug Arrest,177
78208,TABC-Liquor Law Violation,71
78208,Obstruction of Justice,65
78208,Family Violence,40
78208,Traffic Violation,28
78208,Weapon Violation,23
78208,Trespassing,21
78208,Driving While Intoxicated,19
78208,Panhandling,17
78208,Burglary Vehicle,10
78208,Aggravated Assault,9
78208,Larceny,9
78208,Assault,7
78208,Prostitution,7
78208,Aggravated Family Violence,6
78208,Burglary Building,5
78208,Vandalism,4
78208,Deadly Conduct,3
78208,Fraud,3
78208,Threats,3
78208,Burglary Habitation,2
78208,Theft of Vehicle,2
78208,Aggravated Sexual Assault,1
78208,Arson,1
78208,Injury to a Child,1
78208,VICE Violation,1
78209,Drug Arrest,537
78209,Larceny,432
78209,TABC-Liquor Law Violation,201
78209,Obstruction of Justice,107
78209,Family Violence,93
78209,Trespassing,68
78209,Weapon Violation,57
78209,Driving While Intoxicated,50
78209,Traffic Violation,49
78209,Fraud,47
78209,Panhandling,32
78209,Assault,25
78209,Unauthorized Use of Motor Vehicle,17
78209,Aggravated Assault,15
78209,Aggravated Robbery Individual,13
78209,Aggravated Family Violence,10
78209,Protective Order Violation,10
78209,Burglary Vehicle,9
78209,Indecent Exposure,9
78209,Robbery Business,9
78209,Threats,9
78209,Vandalism,9
78209,Theft of Vehicle,7
78209,Aggravated Robbery Business,6
78209,Deadly Conduct,5
78209,Injury to a Child,5
78209,Burglary Building,4
78209,Burglary Habitation,4
78209,Prostitution,4
78209,Injury to Elderly Person,3
78209,Robbery Individual,3
78209,Sexual Assault,2
78209,Arson,1
78209,Kidnapping,1
78209,Manslaughter,1
78209,Murder,1
78209,Stalking,1
78210,Drug Arrest,1618
78210,TABC-Liquor Law Violation,377
78210,Obstruction of Justice,307
78210,Family Violence,275
78210,Prostitution,269
78210,Weapon Violation,150
78210,Trespassing,120
78210,Traffic Violation,118
78210,Aggravated Assault,67
78210,Larceny,59
78210,Assault,58
78210,Vandalism,43
78210,Deadly Conduct,40
78210,Aggravated Family Violence,36
78210,Fraud,34
78210,Driving While Intoxicated,32
78210,Burglary Vehicle,22
78210,Theft of Vehicle,18
78210,Threats,18
78210,Burglary Habitation,17
78210,Injury to a Child,16
78210,Panhandling,16
78210,Robbery Individual,12
78210,Unauthorized Use of Motor Vehicle,12
78210,Protective Order Violation,10
78210,Burglary Building,9
78210,Injury to Elderly Person,8
78210,Aggravated Robbery Individual,4
78210,Graffiti,4
78210,Sexual Assault,4
78210,Indecency with a Child,3
78210,Intoxication Assault,3
78210,Kidnapping,3
78210,Robbery Business,2
78210,Aggravated Robbery Business,1
78210,Aggravated Sexual Assault,1
78210,Arson,1
78210,Indecent Exposure,1
78211,Drug Arrest,1165
78211,Larceny,264
78211,Family Violence,257
78211,Obstruction of Justice,246
78211,TABC-Liquor Law Violation,204
78211,Traffic Violation,102
78211,Weapon Violation,102
78211,Trespassing,47
78211,Assault,46
78211,Vandalism,46
78211,Prostitution,43
78211,Deadly Conduct,37
78211,Driving While Intoxicated,35
78211,Aggravated Assault,33
78211,Fraud,31
78211,Theft of Vehicle,31
78211,Threats,20
78211,Aggravated Family Violence,18
78211,Burglary Vehicle,17
78211,Panhandling,15
78211,Injury to Elderly Person,13
78211,Robbery Individual,12
78211,Burglary Building,11
78211,Unauthorized Use of Motor Vehicle,11
78211,Protective Order Violation,10
78211,Aggravated Robbery Business,6
78211,Manslaughter,6
78211,Burglary Habitation,4
78211,Injury to a Child,4
78211,Aggravated Robbery Individual,3
78211,Murder,3
78211,Arson,2
78211,Graffiti,2
78211,Indecency with a Child,2
78211,Intoxication Assault,2
78211,Kidnapping,2
78211,Aggravated Sexual Assault,1
78211,Indecent Exposure,1
78211,Robbery Business,1
78212,Drug Arrest,1306
78212,TABC-Liquor Law Violation,1135
78212,Obstruction of Justice,326
78212,Trespassing,271
78212,Panhandling,270
78212,Family Violence,162
78212,Larceny,156
78212,Assault,127
78212,Traffic Violation,123
78212,Prostitution,115
78212,Driving While Intoxicated,96
78212,Weapon Violation,94
78212,Vandalism,64
78212,Fraud,39
78212,Aggravated Assault,25
78212,Theft of Vehicle,22
78212,Threats,18
78212,Aggravated Family Violence,17
78212,Deadly Conduct,17
78212,Aggravated Robbery Individual,16
78212,Burglary Vehicle,16
78212,Burglary Habitation,14
78212,Burglary Building,13
78212,Unauthorized Use of Motor Vehicle,12
78212,Indecent Exposure,10
78212,Protective Order Violation,10
78212,Graffiti,7
78212,Aggravated Robbery Business,6
78212,Arson,6
78212,Injury to Elderly Person,5
78212,Injury to a Child,4
78212,Robbery Business,4
78212,Sexual Assault,4
78212,Capital Murder,3
78212,Robbery Individual,3
78212,Murder,2
78212,Aggravated Sexual Assault,1
78212,Intoxication Assault,1
78213,Drug Arrest,959
78213,Larceny,532
78213,TABC-Liquor Law Violation,388
78213,Family Violence,236
78213,Obstruction of Justice,202
78213,Weapon Violation,148
78213,Panhandling,109
78213,Trespassing,57
78213,Driving While Intoxicated,54
78213,Assault,53
78213,Traffic Violation,50
78213,Aggravated Assault,36
78213,Vandalism,34
78213,Fraud,30
78213,Aggravated Family Violence,25
78213,Theft of Vehicle,16
78213,Threats,14
78213,Injury to a Child,13
78213,Aggravated Robbery Individual,12
78213,Protective Order Violation,11
78213,Unauthorized Use of Motor Vehicle,10
78213,Burglary Habitation,9
78213,Burglary Vehicle,9
78213,Deadly Conduct,8
78213,Prostitution,8
78213,Robbery Business,6
78213,Graffiti,5
78213,Arson,4
78213,Sexual Assault,3
78213,Aggravated Robbery Business,2
78213,Indecency/Obscenity,2
78213,Intoxication Assault,2
78213,Murder,2
78213,Robbery Individual,2
78213,Burglary Building,1
78213,Indecency with a Child,1
78213,Indecent Exposure,1
78213,Injury to Elderly Person,1
78214,Drug Arrest,930
78214,TABC-Liquor Law Violation,272
78214,Obstruction of Justice,206
78214,Family Violence,195
78214,Larceny,126
78214,Weapon Violation,94
78214,Traffic Violation,72
78214,Assault,54
78214,Trespassing,52
78214,Aggravated Assault,42
78214,Vandalism,27
78214,Aggravated Family Violence,24
78214,Burglary Habitation,22
78214,Deadly Conduct,22
78214,Threats,22
78214,Driving While Intoxicated,21
78214,Indecent Exposure,21
78214,Theft of Vehicle,18
78214,VICE Violation,16
78214,Protective Order Violation,13
78214,Injury to a Child,12
78214,Burglary Vehicle,10
78214,Unauthorized Use of Motor Vehicle,9
78214,Burglary Building,8
78214,Injury to Elderly Person,8
78214,Fraud,6
78214,Panhandling,5
78214,Prostitution,5
78214,Aggravated Robbery Individual,4
78214,Graffiti,4
78214,Robbery Individual,3
78214,Murder,2
78214,Aggravated Robbery Business,1
78214,Intoxication Assault,1
78214,Robbery Business,1
78215,TABC-Liquor Law Violation,628
78215,Drug Arrest,504
78215,Panhandling,168
78215,Trespassing,111
78215,Obstruction of Justice,90
78215,Weapon Violation,37
78215,Traffic Violation,32
78215,Larceny,31
78215,Family Violence,28
78215,Assault,21
78215,Driving While Intoxicated,20
78215,Prostitution,12
78215,Vandalism,10
78215,Threats,7
78215,Aggravated Assault,6
78215,Unauthorized Use of Motor Vehicle,6
78215,Aggravated Family Violence,4
78215,Burglary Building,4
78215,Robbery Individual,4
78215,Theft of Vehicle,3
78215,Aggravated Robbery Individual,2
78215,Indecent Exposure,2
78215,Injury to Elderly Person,2
78215,Kidnapping,2
78215,Protective Order Violation,2
78215,Burglary Habitation,1
78215,Burglary Vehicle,1
78215,Deadly Conduct,1
78215,Fraud,1
78215,Indecency/Obscenity,1
78215,Injury to a Child,1
78216,Drug Arrest,1274
78216,Larceny,1171
78216,TABC-Liquor Law Violation,528
78216,Panhandling,324
78216,Family Violence,241
78216,Obstruction of Justice,213
78216,Trespassing,128
78216,Weapon Violation,126
78216,Traffic Violation,122
78216,Driving While Intoxicated,100
78216,Fraud,90
78216,Assault,67
78216,Vandalism,43
78216,Theft of Vehicle,37
78216,Burglary Vehicle,35
78216,Aggravated Assault,29
78216,Prostitution,28
78216,Aggravated Family Violence,27
78216,Aggravated Robbery Individual,24
78216,Unauthorized Use of Motor Vehicle,17
78216,Deadly Conduct,15
78216,Threats,12
78216,Injury to a Child,9
78216,Protective Order Violation,9
78216,Robbery Individual,9
78216,Indecent Exposure,7
78216,Robbery Business,7
78216,Burglary Habitation,5
78216,Injury to Elderly Person,5
78216,Aggravated Robbery Business,4
78216,Burglary Building,4
78216,Intoxication Assault,4
78216,Sexual Assault,4
78216,Kidnapping,3
78216,Graffiti,2
78216,Manslaughter,2
78216,Indecency/Obscenity,1
78216,Stalking,1
78217,Drug Arrest,725
78217,TABC-Liquor Law Violation,255
78217,Larceny,254
78217,Family Violence,208
78217,Obstruction of Justice,139
78217,Trespassing,132
78217,Weapon Violation,78
78217,Assault,46
78217,Driving While Intoxicated,39
78217,Traffic Violation,37
78217,Aggravated Assault,34
78217,Vandalism,32
78217,Panhandling,31
78217,Theft of Vehicle,30
78217,Fraud,29
78217,Aggravated Family Violence,27
78217,Burglary Building,24
78217,Burglary Vehicle,22
78217,Deadly Conduct,17
78217,Burglary Habitation,15
78217,Threats,12
78217,Protective Order Violation,11
78217,Unauthorized Use of Motor Vehicle,11
78217,Injury to a Child,10
78217,Prostitution,10
78217,Kidnapping,8
78217,Injury to Elderly Person,7
78217,VICE Violation,5
78217,Aggravated Robbery Individual,4
78217,Indecent Exposure,4
78217,Sexual Assault,3
78217,Arson,2
78217,Indecency with a Child,2
78217,Manslaughter,2
78217,Robbery Individual,2
78217,Aggravated Sexual Assault,1
78217,Robbery Business,1
78218,Drug Arrest,828
78218,TABC-Liquor Law Violation,696
78218,Family Violence,250
78218,Larceny,249
78218,Obstruction of Justice,211
78218,Weapon Violation,101
78218,Trespassing,81
78218,Traffic Violation,67
78218,Assault,56
78218,Driving While Intoxicated,50
78218,Panhandling,46
78218,Fraud,40
78218,Vandalism,37
78218,Aggravated Assault,36
78218,Theft of Vehicle,25
78218,Aggravated Family Violence,24
78218,Threats,22
78218,Deadly Conduct,21
78218,Burglary Building,14
78218,Burglary Habitation,14
78218,Aggravated Robbery Individual,11
78218,Prostitution,11
78218,Protective Order Violation,10
78218,Burglary Vehicle,9
78218,Injury to Elderly Person,9
78218,Murder,9
78218,Unauthorized Use of Motor Vehicle,9
78218,Injury to a Child,8
78218,Sexual Assault,8
78218,Aggravated Sexual Assault,6
78218,Indecent Exposure,5
78218,Aggravated Robbery Business,4
78218,Kidnapping,4
78218,Arson,2
78218,Robbery Individual,2
78218,Stalking,2
78218,Robbery Business,1
78219,Drug Arrest,379
78219,TABC-Liquor Law Violation,87
78219,Family Violence,80
78219,Obstruction of Justice,73
78219,Weapon Violation,56
78219,Larceny,46
78219,Trespassing,37
78219,Traffic Violation,34
78219,Assault,27
78219,Fraud,20
78219,Aggravated Assault,19
78219,Driving While Intoxicated,18
78219,Vandalism,15
78219,Theft of Vehicle,14
78219,Prostitution,12
78219,Injury to a Child,8
78219,Aggravated Family Violence,7
78219,Deadly Conduct,6
78219,Unauthorized Use of Motor Vehicle,6
78219,Aggravated Robbery Business,5
78219,Aggravated Robbery Individual,5
78219,Panhandling,5
78219,Murder,4
78219,Burglary Vehicle,3
78219,Intoxication Assault,3
78219,Burglary Habitation,2
78219,Indecent Exposure,2
78219,Threats,2
78219,Burglary Building,1
78219,Graffiti,1
78219,Manslaughter,1
78219,Protective Order Violation,1
78219,Robbery Individual,1
78219,Stalking,1
78220,Drug Arrest,662
78220,Larceny,433
78220,Obstruction of Justice,190
78220,Family Violence,132
78220,TABC-Liquor Law Violation,106
78220,Weapon Violation,103
78220,Trespassing,57
78220,Traffic Violation,50
78220,Assault,35
78220,Fraud,32
78220,Vandalism,28
78220,Aggravated Assault,25
78220,Theft of Vehicle,22
78220,Aggravated Family Violence,20
78220,Prostitution,14
78220,Robbery Business,13
78220,Driving While Intoxicated,12
78220,Threats,12
78220,Burglary Building,9
78220,Deadly Conduct,9
78220,Protective Order Violation,9
78220,Burglary Vehicle,8
78220,Unauthorized Use of Motor Vehicle,8
78220,Panhandling,6
78220,Burglary Habitation,5
78220,Injury to a Child,5
78220,Aggravated Robbery Individual,4
78220,Indecency with a Child,4
78220,Kidnapping,4
78220,Manslaughter,4
78220,Robbery Individual,4
78220,Injury to Elderly Person,3
78220,Sexual Assault,3
78220,Indecent Exposure,2
78220,Aggravated Sexual Assault,1
78221,Drug Arrest,861
78221,TABC-Liquor Law Violation,299
78221,Family Violence,267
78221,Larceny,266
78221,Obstruction of Justice,254
78221,Traffic Violation,110
78221,Trespassing,97
78221,Weapon Violation,68
78221,Assault,57
78221,Panhandling,49
78221,Aggravated Assault,48
78221,Aggravated Family Violence,28
78221,Driving While Intoxicated,28
78221,Burglary Habitation,26
78221,Fraud,24
78221,Vandalism,22
78221,Threats,21
78221,Theft of Vehicle,20
78221,Burglary Building,17
78221,Burglary Vehicle,15
78221,Injury to a Child,13
78221,Aggravated Robbery Individual,11
78221,Arson,11
78221,Deadly Conduct,11
78221,Unauthorized Use of Motor Vehicle,8
78221,Prostitution,7
78221,Graffiti,6
78221,Protective Order Violation,6
78221,Indecent Exposure,4
78221,Robbery Individual,4
78221,Injury to Elderly Person,3
78221,Intoxication Assault,3
78221,Aggravated Robbery Business,2
78221,Kidnapping,2
78221,Manslaughter,2
78221,Robbery Business,2
78221,Aggravated Sexual Assault,1
78221,Indecency with a Child,1
78221,Indecency/Obscenity,1
78222,Drug Arrest,254
78222,Family Violence,77
78222,Obstruction of Justice,53
78222,TABC-Liquor Law Violation,52
78222,Trespassing,30
78222,Weapon Violation,24
78222,Larceny,23
78222,Traffic Violation,22
78222,Aggravated Family Violence,21
78222,Assault,19
78222,Panhandling,19
78222,Theft of Vehicle,16
78222,Aggravated Assault,13
78222,Vandalism,13
78222,Deadly Conduct,11
78222,Threats,9
78222,Driving While Intoxicated,8
78222,Fraud,8
78222,Burglary Vehicle,5
78222,Injury to a Child,5
78222,Aggravated Robbery Individual,4
78222,Burglary Habitation,3
78222,Protective Order Violation,3
78222,Prostitution,2
78222,Unauthorized Use of Motor Vehicle,2
78222,Aggravated Sexual Assault,1
78222,Burglary Building,1
78222,Kidnapping,1
78222,Sexual Assault,1
78223,Drug Arrest,1270
78223,Larceny,1108
78223,TABC-Liquor Law Violation,377
78223,Family Violence,317
78223,Obstruction of Justice,315
78223,Prostitution,159
78223,Weapon Violation,148
78223,Trespassing,143
78223,Panhandling,133
78223,Traffic Violation,133
78223,Assault,73
78223,Aggravated Assault,53
78223,Aggravated Family Violence,45
78223,Fraud,42
78223,Vandalism,41
78223,Driving While Intoxicated,32
78223,Deadly Conduct,28
78223,Threats,25
78223,Unauthorized Use of Motor Vehicle,23
78223,Injury to a Child,21
78223,Injury to Elderly Person,20
78223,Burglary Vehicle,18
78223,Protective Order Violation,18
78223,Aggravated Robbery Business,16
78223,Burglary Building,14
78223,Theft of Vehicle,14
78223,Robbery Business,12
78223,Aggravated Robbery Individual,11
78223,Burglary Habitation,11
78223,Indecent Exposure,11
78223,Kidnapping,8
78223,Robbery Individual,7
78223,VICE Violation,5
78223,Sexual Assault,4
78223,Aggravated Sexual Assault,3
78223,Murder,3
78223,Arson,1
78223,Graffiti,1
78223,Indecency with a Child,1
78223,Intoxication Assault,1
78223,Manslaughter,1
78224,Larceny,1416
78224,Drug Arrest,715
78224,TABC-Liquor Law Violation,185
78224,Obstruction of Justice,168
78224,Traffic Violation,141
78224,Family Violence,137
78224,Panhandling,120
78224,Trespassing,99
78224,Weapon Violation,60
78224,Assault,47
78224,Fraud,38
78224,Aggravated Assault,26
78224,Driving While Intoxicated,23
78224,Vandalism,19
78224,Theft of Vehicle,18
78224,Robbery Business,16
78224,Threats,14
78224,Protective Order Violation,11
78224,Aggravated Family Violence,9
78224,Injury to a Child,8
78224,Robbery Individual,7
78224,Aggravated Robbery Individual,6
78224,Injury to Elderly Person,6
78224,Sexual Assault,6
78224,Burglary Vehicle,5
78224,Deadly Conduct,5
78224,Aggravated Robbery Business,4
78224,Kidnapping,4
78224,Burglary Building,3
78224,Indecent Exposure,3
78224,Aggravated Sexual Assault,1
78224,Arson,1
78224,Burglary Habitation,1
78224,Indecency with a Child,1
78224,Intoxication Assault,1
78224,Prostitution,1
78225,Drug Arrest,264
78225,TABC-Liquor Law Violation,92
78225,Family Violence,80
78225,Obstruction of Justice,70
78225,Larceny,34
78225,Traffic Violation,28
78225,Weapon Violation,24
78225,Prostitution,20
78225,Driving While Intoxicated,16
78225,Fraud,16
78225,Assault,12
78225,Trespassing,12
78225,Threats,9
78225,Deadly Conduct,8
78225,Vandalism,8
78225,Injury to Elderly Person,7
78225,Aggravated Assault,6
78225,Panhandling,6
78225,Theft of Vehicle,6
78225,Injury to a Child,5
78225,Aggravated Family Violence,4
78225,Burglary Habitation,4
78225,Robbery Individual,4
78225,Burglary Building,3
78225,Burglary Vehicle,3
78225,Robbery Business,3
78225,Unauthorized Use of Motor Vehicle,3
78225,Aggravated Robbery Business,1
78225,Aggravated Robbery Individual,1
78225,Protective Order Violation,1
78226,Drug Arrest,122
78226,Family Violence,67
78226,TABC-Liquor Law Violation,54
78226,Obstruction of Justice,36
78226,Trespassing,22
78226,Weapon Violation,15
78226,Larceny,14
78226,Aggravated Assault,13
78226,Assault,10
78226,Aggravated Family Violence,7
78226,Traffic Violation,7
78226,Vandalism,6
78226,Deadly Conduct,4
78226,Fraud,4
78226,Threats,4
78226,Prostitution,3
78226,Protective Order Violation,3
78226,Theft of Vehicle,3
78226,Aggravated Robbery Business,2
78226,Burglary Vehicle,2
78226,Murder,2
78226,Robbery Individual,2
78226,Arson,1
78226,Burglary Building,1
78226,Driving While Intoxicated,1
78226,Panhandling,1
78226,Robbery Business,1
78227,Drug Arrest,1630
78227,Larceny,440
78227,TABC-Liquor Law Violation,435
78227,Family Violence,398
78227,Obstruction of Justice,369
78227,Trespassing,181
78227,Weapon Violation,163
78227,Panhandling,150
78227,Traffic Violation,103
78227,Assault,94
78227,Vandalism,85
78227,Fraud,76
78227,Aggravated Assault,63
78227,Deadly Conduct,40
78227,Driving While Intoxicated,39
78227,Theft of Vehicle,39
78227,Unauthorized Use of Motor Vehicle,35
78227,Aggravated Family Violence,28
78227,Threats,26
78227,Prostitution,24
78227,Injury to a Child,23
78227,Aggravated Robbery Individual,19
78227,Burglary Habitation,18
78227,Burglary Vehicle,18
78227,Robbery Business,15
78227,Aggravated Robbery Business,13
78227,Injury to Elderly Person,13
78227,Protective Order Violation,12
78227,Robbery Individual,9
78227,Indecent Exposure,7
78227,Burglary Building,5
78227,Graffiti,5
78227,Sexual Assault,5
78227,Indecency with a Child,4
78227,Kidnapping,4
78227,VICE Violation,4
78227,Murder,3
78227,Intoxication Assault,2
78227,Aggravated Sexual Assault,1
78227,Arson,1
78227,Indecency/Obscenity,1
78227,Manslaughter,1
78228,Drug Arrest,1727
78228,Larceny,1158
78228,Family Violence,422
78228,TABC-Liquor Law Violation,383
78228,Obstruction of Justice,382
78228,Weapon Violation,183
78228,Traffic Violation,158
78228,Fraud,93
78228,Trespassing,93
78228,Panhandling,69
78228,Assault,67
78228,Aggravated Assault,60
78228,Vandalism,53
78228,Driving While Intoxicated,49
78228,Aggravated Family Violence,42
78228,Theft of Vehicle,41
78228,Protective Order Violation,32
78228,Burglary Habitation,30
78228,Threats,30
78228,Deadly Conduct,27
78228,Prostitution,26
78228,Unauthorized Use of Motor Vehicle,23
78228,Injury to a Child,20
78228,Burglary Building,18
78228,Injury to Elderly Person,17
78228,Burglary Vehicle,15
78228,Arson,11
78228,Sexual Assault,10
78228,Aggravated Robbery Individual,9
78228,Capital Murder,6
78228,Graffiti,5
78228,Kidnapping,4
78228,Robbery Business,4
78228,Robbery Individual,4
78228,Indecent Exposure,3
78228,Aggravated Sexual Assault,2
78228,Indecency with a Child,2
78228,Manslaughter,2
78228,Murder,2
78228,Aggravated Robbery Business,1
78228,Indecency/Obscenity,1
78228,Intoxication Assault,1
78229,Drug Arrest,1332
78229,TABC-Liquor Law Violation,330
78229,Panhandling,323
78229,Larceny,259
78229,Obstruction of Justice,237
78229,Family Violence,221
78229,Driving While Intoxicated,116
78229,Weapon Violation,115
78229,Traffic Violation,110
78229,Assault,78
78229,Fraud,78
78229,Trespassing,77
78229,Theft of Vehicle,46
78229,Burglary Vehicle,45
78229,Vandalism,41
78229,Aggravated Assault,32
78229,Aggravated Family Violence,29
78229,Burglary Habitation,28
78229,Prostitution,22
78229,Unauthorized Use of Motor Vehicle,20
78229,Injury to a Child,19
78229,Threats,19
78229,Aggravated Robbery Individual,17
78229,Burglary Building,13
78229,Deadly Conduct,11
78229,Protective Order Violation,10
78229,Arson,5
78229,Injury to Elderly Person,5
78229,Kidnapping,5
78229,Robbery Individual,5
78229,Sexual Assault,5
78229,Indecent Exposure,4
78229,Indecency with a Child,2
78229,Graffiti,1
78229,Stalking,1
78230,Drug Arrest,836
78230,Panhandling,389
78230,Larceny,356
78230,TABC-Liquor Law Violation,229
78230,Obstruction of Justice,179
78230,Family Violence,137
78230,Driving While Intoxicated,100
78230,Traffic Violation,84
78230,Fraud,83
78230,Weapon Violation,77
78230,Burglary Vehicle,60
78230,Aggravated Assault,58
78230,Trespassing,42
78230,Assault,32
78230,Vandalism,28
78230,Prostitution,22
78230,Theft of Vehicle,20
78230,Unauthorized Use of Motor Vehicle,17
78230,Aggravated Family Violence,16
78230,Threats,11
78230,Aggravated Robbery Individual,10
78230,Burglary Habitation,10
78230,Burglary Building,9
78230,Deadly Conduct,7
78230,Injury to a Child,6
78230,Murder,6
78230,Robbery Individual,6
78230,Manslaughter,4
78230,Protective Order Violation,4
78230,Aggravated Robbery Business,3
78230,Arson,3
78230,Injury to Elderly Person,3
78230,Graffiti,2
78230,Kidnapping,2
78230,Sexual Assault,2
78230,Aggravated Sexual Assault,1
78230,Robbery Business,1
78230,Stalking,1
78231,Panhandling,69
78231,Drug Arrest,48
78231,TABC-Liquor Law Violation,14
78231,Obstruction of Justice,8
78231,Family Violence,7
78231,Driving While Intoxicated,6
78231,Vandalism,4
78231,Assault,3
78231,Theft of Vehicle,3
78231,Traffic Violation,3
78231,Trespassing,3
78231,Aggravated Family Violence,2
78231,Indecent Exposure,2
78231,Weapon Violation,2
78231,Aggravated Assault,1
78231,Deadly Conduct,1
78231,Fraud,1
78231,Injury to Elderly Person,1
78231,Larceny,1
78231,Prostitution,1
78231,Threats,1
78232,Drug Arrest,356
78232,Larceny,140
78232,Family Violence,86
78232,Panhandling,85
78232,TABC-Liquor Law Violation,65
78232,Obstruction of Justice,53
78232,Fraud,31
78232,Trespassing,31
78232,Driving While Intoxicated,26
78232,Traffic Violation,25
78232,Weapon Violation,19
78232,Assault,16
78232,Aggravated Family Violence,13
78232,Theft of Vehicle,11
78232,Vandalism,11
78232,Aggravated Robbery Business,10
78232,Injury to Elderly Person,8
78232,Robbery Business,7
78232,Burglary Building,6
78232,Prostitution,6
78232,Aggravated Assault,5
78232,Burglary Habitation,4
78232,Burglary Vehicle,4
78232,Deadly Conduct,4
78232,Unauthorized Use of Motor Vehicle,4
78232,Injury to a Child,3
78232,Intoxication Assault,3
78232,Protective Order Violation,3
78232,Threats,3
78232,Arson,2
78232,Robbery Individual,2
78232,Sexual Assault,2
78232,Aggravated Robbery Individual,1
78232,Indecency with a Child,1
78232,Kidnapping,1
78233,Drug Arrest,724
78233,Family Violence,205
78233,TABC-Liquor Law Violation,202
78233,Obstruction of Justice,151
78233,Larceny,116
78233,Weapon Violation,81
78233,Trespassing,71
78233,Traffic Violation,52
78233,Panhandling,51
78233,Driving While Intoxicated,49
78233,Fraud,49
78233,Assault,30
78233,Aggravated Assault,28
78233,Vandalism,28
78233,Theft of Vehicle,26
78233,Burglary Vehicle,22
78233,Aggravated Family Violence,21
78233,Burglary Building,18
78233,Deadly Conduct,18
78233,Threats,13
78233,Burglary Habitation,11
78233,Aggravated Robbery Individual,9
78233,Injury to Elderly Person,9
78233,Protective Order Violation,7
78233,Unauthorized Use of Motor Vehicle,7
78233,Aggravated Robbery Business,5
78233,Robbery Business,5
78233,Robbery Individual,5
78233,Injury to a Child,4
78233,Manslaughter,4
78233,Kidnapping,2
78233,Aggravated Sexual Assault,1
78233,Graffiti,1
78233,Indecent Exposure,1
78233,Intoxication Assault,1
78233,Prostitution,1
78233,Sexual Assault,1
78234,Drug Arrest,9
78234,Family Violence,4
78234,TABC-Liquor Law Violation,3
78234,Assault,2
78234,Aggravated Family Violence,1
78234,Larceny,1
78234,Obstruction of Justice,1
78234,Threats,1
78234,Vandalism,1
78235,Larceny,115
78235,Drug Arrest,30
78235,TABC-Liquor Law Violation,15
78235,Obstruction of Justice,14
78235,Trespassing,9
78235,Family Violence,8
78235,Assault,7
78235,Fraud,7
78235,Aggravated Family Violence,3
78235,Aggravated Assault,2
78235,Driving While Intoxicated,2
78235,Traffic Violation,2
78235,Vandalism,2
78235,Burglary Habitation,1
78235,Burglary Vehicle,1
78235,Robbery Business,1
78236,Drug Arrest,14
78236,Obstruction of Justice,5
78236,Burglary Building,1
78236,Driving While Intoxicated,1
78236,Larceny,1
78236,Weapon Violation,1
78237,Drug Arrest,1353
78237,TABC-Liquor Law Violation,356
78237,Larceny,349
78237,Family Violence,321
78237,Obstruction of Justice,306
78237,Weapon Violation,141
78237,Trespassing,128
78237,Prostitution,112
78237,Traffic Violation,105
78237,Assault,72
78237,Vandalism,47
78237,Aggravated Assault,43
78237,Aggravated Family Violence,42
78237,Driving While Intoxicated,37
78237,Theft of Vehicle,36
78237,Fraud,27
78237,Threats,24
78237,Burglary Habitation,23
78237,Burglary Vehicle,19
78237,Burglary Building,17
78237,Aggravated Robbery Individual,16
78237,Deadly Conduct,16
78237,Injury to a Child,16
78237,Unauthorized Use of Motor Vehicle,13
78237,Injury to Elderly Person,11
78237,Robbery Individual,11
78237,Panhandling,10
78237,Protective Order Violation,8
78237,Robbery Business,7
78237,Murder,5
78237,Aggravated Robbery Business,4
78237,Indecent Exposure,4
78237,Sexual Assault,3
78237,Indecency with a Child,2
78237,Kidnapping,2
78237,Aggravated Sexual Assault,1
78237,Graffiti,1
78237,Sex Offender Violation,1
78238,Larceny,761
78238,Drug Arrest,722
78238,TABC-Liquor Law Violation,207
78238,Panhandling,173
78238,Obstruction of Justice,149
78238,Family Violence,126
78238,Weapon Violation,91
78238,Traffic Violation,85
78238,Assault,58
78238,Trespassing,51
78238,Driving While Intoxicated,50
78238,Fraud,32
78238,Vandalism,29
78238,Aggravated Assault,22
78238,Deadly Conduct,22
78238,Burglary Vehicle,21
78238,Theft of Vehicle,21
78238,Aggravated Robbery Individual,16
78238,Robbery Business,15
78238,Aggravated Family Violence,14
78238,Injury to a Child,12
78238,Protective Order Violation,11
78238,Unauthorized Use of Motor Vehicle,11
78238,Threats,10
78238,Graffiti,8
78238,Injury to Elderly Person,8
78238,Prostitution,8
78238,Robbery Individual,7
78238,Aggravated Robbery Business,3
78238,Burglary Building,3
78238,Burglary Habitation,3
78238,Intoxication Assault,3
78238,Capital Murder,2
78238,Murder,2
78239,Drug Arrest,100
78239,Larceny,33
78239,Family Violence,32
78239,Obstruction of Justice,20
78239,TABC-Liquor Law Violation,18
78239,Panhandling,11
78239,Assault,10
78239,Trespassing,9
78239,Traffic Violation,7
78239,Aggravated Assault,5
78239,Aggravated Family Violence,4
78239,Vandalism,4
78239,Weapon Violation,4
78239,Burglary Vehicle,3
78239,Deadly Conduct,3
78239,Fraud,3
78239,Unauthorized Use of Motor Vehicle,3
78239,Driving While Intoxicated,2
78239,Robbery Business,2
78239,Sexual Assault,2
78239,Burglary Habitation,1
78239,Protective Order Violation,1
78239,Theft of Vehicle,1
78239,Threats,1
78240,Drug Arrest,557
78240,Family Violence,254
78240,Larceny,240
78240,TABC-Liquor Law Violation,227
78240,Obstruction of Justice,132
78240,Traffic Violation,58
78240,Driving While Intoxicated,57
78240,Assault,53
78240,Panhandling,50
78240,Trespassing,50
78240,Weapon Violation,44
78240,Aggravated Assault,36
78240,Aggravated Family Violence,27
78240,Vandalism,27
78240,Threats,20
78240,Fraud,19
78240,Theft of Vehicle,17
78240,Burglary Vehicle,14
78240,Protective Order Violation,11
78240,Aggravated Robbery Individual,9
78240,Prostitution,9
78240,Burglary Habitation,8
78240,Deadly Conduct,6
78240,Indecent Exposure,6
78240,Injury to a Child,6
78240,Graffiti,5
78240,Robbery Individual,4
78240,Stalking,4
78240,Unauthorized Use of Motor Vehicle,3
78240,Aggravated Sexual Assault,2
78240,Indecency with a Child,2
78240,Injury to Elderly Person,2
78240,Robbery Business,2
78240,Sexual Assault,2
78240,Aggravated Robbery Business,1
78240,Kidnapping,1
78241,Drug Arrest,6
78241,Larceny,3
78241,TABC-Liquor Law Violation,3
78241,Burglary Vehicle,2
78241,Traffic Violation,2
78242,Drug Arrest,762
78242,Family Violence,195
78242,Obstruction of Justice,146
78242,TABC-Liquor Law Violation,131
78242,Weapon Violation,85
78242,Larceny,44
78242,Traffic Violation,38
78242,Aggravated Assault,30
78242,Assault,30
78242,Theft of Vehicle,30
78242,Vandalism,27
78242,Deadly Conduct,25
78242,Aggravated Family Violence,22
78242,Driving While Intoxicated,17
78242,Trespassing,17
78242,Unauthorized Use of Motor Vehicle,12
78242,Burglary Habitation,10
78242,Fraud,10
78242,Aggravated Robbery Individual,9
78242,Panhandling,8
78242,Threats,8
78242,Protective Order Violation,7
78242,Burglary Vehicle,5
78242,Robbery Individual,5
78242,Indecency with a Child,4
78242,Injury to Elderly Person,4
78242,Sexual Assault,4
78242,Prostitution,3
78242,Aggravated Robbery Business,2
78242,Burglary Building,2
78242,Injury to a Child,2
78242,Robbery Business,2
78242,Aggravated Sexual Assault,1
78242,Graffiti,1
78242,Manslaughter,1
78242,Murder,1
78244,Drug Arrest,117
78244,Larceny,113
78244,TABC-Liquor Law Violation,44
78244,Family Violence,41
78244,Obstruction of Justice,27
78244,Traffic Violation,21
78244,Weapon Violation,20
78244,Trespassing,11
78244,Fraud,8
78244,Vandalism,8
78244,Assault,7
78244,Aggravated Family Violence,6
78244,Driving While Intoxicated,5
78244,Prostitution,4
78244,Protective Order Violation,4
78244,Threats,4
78244,Aggravated Assault,3
78244,Burglary Habitation,3
78244,Burglary Vehicle,3
78244,Deadly Conduct,3
78244,Robbery Individual,3
78244,Theft of Vehicle,2
78244,Unauthorized Use of Motor Vehicle,2
78244,Aggravated Robbery Individual,1
78244,Aggravated Sexual Assault,1
78244,Injury to a Child,1
78244,Sexual Assault,1
78244,Stalking,1
78245,Larceny,1273
78245,Drug Arrest,589
78245,TABC-Liquor Law Violation,152
78245,Family Violence,132
78245,Obstruction of Justice,107
78245,Panhandling,77
78245,Weapon Violation,70
78245,Trespassing,54
78245,Fraud,46
78245,Assault,39
78245,Traffic Violation,37
78245,Aggravated Assault,36
78245,Aggravated Family Violence,18
78245,Theft of Vehicle,18
78245,Vandalism,18
78245,Driving While Intoxicated,14
78245,Burglary Building,10
78245,Burglary Habitation,10
78245,Threats,10
78245,Injury to a Child,8
78245,Burglary Vehicle,7
78245,Indecent Exposure,6
78245,Protective Order Violation,6
78245,Robbery Individual,6
78245,Deadly Conduct,5
78245,Aggravated Robbery Individual,4
78245,Prostitution,4
78245,Unauthorized Use of Motor Vehicle,4
78245,Injury to Elderly Person,3
78245,Arson,2
78245,Robbery Business,2
78245,Aggravated Robbery Business,1
78245,Aggravated Sexual Assault,1
78245,Graffiti,1
78245,Indecency with a Child,1
78245,Kidnapping,1
78245,Sexual Assault,1
78245,Stalking,1
78247,Drug Arrest,339
78247,Larceny,161
78247,TABC-Liquor Law Violation,126
78247,Family Violence,123
78247,Obstruction of Justice,70
78247,Traffic Violation,43
78247,Trespassing,36
78247,Weapon Violation,34
78247,Driving While Intoxicated,24
78247,Fraud,22
78247,Assault,20
78247,Panhandling,17
78247,Burglary Vehicle,16
78247,Aggravated Assault,14
78247,Vandalism,14
78247,Aggravated Family Violence,13
78247,Burglary Building,10
78247,Deadly Conduct,9
78247,Protective Order Violation,9
78247,Theft of Vehicle,8
78247,Indecent Exposure,6
78247,Injury to Elderly Person,5
78247,Threats,5
78247,Aggravated Robbery Individual,3
78247,Unauthorized Use of Motor Vehicle,3
78247,Injury to a Child,2
78247,Intoxication Assault,2
78247,Aggravated Robbery Business,1
78247,Indecency with a Child,1
78247,Kidnapping,1
78247,Manslaughter,1
78247,Sexual Assault,1
78248,Larceny,58
78248,Drug Arrest,51
78248,Panhandling,30
78248,TABC-Liquor Law Violation,16
78248,Family Violence,15
78248,Unauthorized Use of Motor Vehicle,6
78248,Aggravated Family Violence,5
78248,Fraud,5
78248,Trespassing,5
78248,Obstruction of Justice,4
78248,Deadly Conduct,3
78248,Driving While Intoxicated,3
78248,Protective Order Violation,3
78248,Vandalism,3
78248,Prostitution,2
78248,Robbery Business,2
78248,Aggravated Robbery Business,1
78248,Assault,1
78248,Burglary Vehicle,1
78248,Traffic Violation,1
78249,Drug Arrest,779
78249,Panhandling,521
78249,Larceny,452
78249,TABC-Liquor Law Violation,336
78249,Obstruction of Justice,124
78249,Family Violence,120
78249,Driving While Intoxicated,91
78249,Traffic Violation,81
78249,Assault,49
78249,Weapon Violation,49
78249,Fraud,32
78249,Trespassing,32
78249,Vandalism,31
78249,Theft of Vehicle,22
78249,Aggravated Family Violence,17
78249,Burglary Vehicle,17
78249,Unauthorized Use of Motor Vehicle,16
78249,Aggravated Robbery Business,15
78249,Aggravated Assault,13
78249,Aggravated Robbery Individual,13
78249,Threats,12
78249,Burglary Habitation,10
78249,Robbery Business,9
78249,Injury to a Child,8
78249,Robbery Individual,7
78249,Deadly Conduct,4
78249,Graffiti,4
78249,Burglary Building,3
78249,Injury to Elderly Person,2
78249,Kidnapping,2
78249,Prostitution,2
78249,Protective Order Violation,2
78249,Arson,1
78249,Indecent Exposure,1
78249,Manslaughter,1
78249,Sex Offender Violation,1
78249,Stalking,1
78250,Drug Arrest,284
78250,Family Violence,165
78250,Larceny,160
78250,TABC-Liquor Law Violation,130
78250,Obstruction of Justice,66
78250,Weapon Violation,38
78250,Trespassing,32
78250,Assault,30
78250,Traffic Violation,26
78250,Aggravated Family Violence,21
78250,Vandalism,19
78250,Driving While Intoxicated,18
78250,Panhandling,14
78250,Deadly Conduct,13
78250,Protective Order Violation,13
78250,Aggravated Robbery Individual,12
78250,Burglary Habitation,8
78250,Burglary Vehicle,8
78250,Fraud,8
78250,Aggravated Assault,7
78250,Theft of Vehicle,7
78250,Injury to Elderly Person,5
78250,Injury to a Child,5
78250,Threats,5
78250,Aggravated Robbery Business,4
78250,Robbery Business,4
78250,Burglary Building,3
78250,Capital Murder,2
78250,Graffiti,2
78250,Indecent Exposure,2
78250,Stalking,2
78250,Intoxication Assault,1
78250,Kidnapping,1
78250,Robbery Individual,1
78250,Sexual Assault,1
78250,Unauthorized Use of Motor Vehicle,1
78251,Drug Arrest,546
78251,TABC-Liquor Law Violation,230
78251,Panhandling,194
78251,Larceny,189
78251,Family Violence,180
78251,Obstruction of Justice,118
78251,Traffic Violation,65
78251,Aggravated Robbery Individual,60
78251,Weapon Violation,56
78251,Assault,43
78251,Trespassing,42
78251,Driving While Intoxicated,39
78251,Aggravated Assault,37
78251,Fraud,35
78251,Aggravated Family Violence,33
78251,Vandalism,32
78251,Burglary Vehicle,19
78251,Protective Order Violation,16
78251,Theft of Vehicle,16
78251,Deadly Conduct,11
78251,Threats,11
78251,Robbery Individual,9
78251,Injury to a Child,7
78251,Robbery Business,7
78251,Unauthorized Use of Motor Vehicle,6
78251,Graffiti,5
78251,Sexual Assault,5
78251,Aggravated Robbery Business,4
78251,Kidnapping,4
78251,Prostitution,4
78251,Burglary Building,3
78251,Burglary Habitation,2
78251,Injury to Elderly Person,2
78251,Intoxication Assault,2
78251,Manslaughter,2
78251,Aggravated Sexual Assault,1
78251,Indecency with a Child,1
78251,Stalking,1
78252,Larceny,367
78252,Drug Arrest,76
78252,Fraud,21
78252,Obstruction of Justice,17
78252,Family Violence,16
78252,TABC-Liquor Law Violation,11
78252,Trespassing,11
78252,Aggravated Assault,9
78252,Assault,9
78252,Aggravated Family Violence,5
78252,Theft of Vehicle,5
78252,Traffic Violation,4
78252,Weapon Violation,3
78252,Injury to a Child,2
78252,Burglary Vehicle,1
78252,Injury to Elderly Person,1
78252,Panhandling,1
78252,Protective Order Violation,1
78252,Vandalism,1
78253,Larceny,171
78253,Drug Arrest,56
78253,Panhandling,47
78253,TABC-Liquor Law Violation,25
78253,Obstruction of Justice,20
78253,Family Violence,9
78253,Burglary Building,8
78253,Traffic Violation,5
78253,Trespassing,5
78253,Aggravated Family Violence,3
78253,Driving While Intoxicated,3
78253,Aggravated Assault,2
78253,Assault,2
78253,Fraud,2
78253,Vandalism,2
78253,Injury to Elderly Person,1
78253,Injury to a Child,1
78253,Manslaughter,1
78253,Murder,1
78254,Larceny,164
78254,Drug Arrest,102
78254,Family Violence,68
78254,TABC-Liquor Law Violation,46
78254,Obstruction of Justice,33
78254,Panhandling,30
78254,Assault,16
78254,Driving While Intoxicated,15
78254,Trespassing,12
78254,Traffic Violation,11
78254,Aggravated Assault,9
78254,Threats,8
78254,Aggravated Family Violence,6
78254,Fraud,6
78254,Vandalism,6
78254,Weapon Violation,5
78254,Deadly Conduct,4
78254,Burglary Vehicle,3
78254,Burglary Habitation,2
78254,Injury to Elderly Person,2
78254,Manslaughter,2
78254,Unauthorized Use of Motor Vehicle,2
78254,Graffiti,1
78254,Indecency with a Child,1
78254,Protective Order Violation,1
78254,Robbery Business,1
78254,Robbery Individual,1
78254,Theft of Vehicle,1
78255,Panhandling,15
78255,Drug Arrest,14
78255,Family Violence,9
78255,Larceny,9
78255,TABC-Liquor Law Violation,7
78255,Driving While Intoxicated,3
78255,Aggravated Assault,2
78255,Aggravated Family Violence,2
78255,Fraud,2
78255,Weapon Violation,2
78255,Assault,1
78255,Protective Order Violation,1
78255,Trespassing,1
78255,Vandalism,1
78256,Larceny,188
78256,Drug Arrest,169
78256,Panhandling,58
78256,TABC-Liquor Law Violation,58
78256,Obstruction of Justice,36
78256,Family Violence,35
78256,Assault,20
78256,Trespassing,17
78256,Fraud,12
78256,Vandalism,11
78256,Burglary Vehicle,8
78256,Unauthorized Use of Motor Vehicle,8
78256,Sexual Assault,6
78256,Traffic Violation,6
78256,Weapon Violation,6
78256,Driving While Intoxicated,5
78256,Aggravated Robbery Individual,4
78256,Robbery Business,4
78256,Theft of Vehicle,4
78256,Aggravated Family Violence,3
78256,Aggravated Assault,2
78256,Threats,2
78256,Burglary Building,1
78256,Burglary Habitation,1
78256,Indecent Exposure,1
78256,Injury to Elderly Person,1
78256,Injury to a Child,1
78257,Drug Arrest,106
78257,Larceny,98
78257,Panhandling,73
78257,TABC-Liquor Law Violation,52
78257,Obstruction of Justice,28
78257,Driving While Intoxicated,16
78257,Traffic Violation,14
78257,Weapon Violation,14
78257,Fraud,13
78257,Family Violence,9
78257,Trespassing,8
78257,Burglary Vehicle,7
78257,Assault,6
78257,Vandalism,5
78257,Aggravated Assault,3
78257,Aggravated Family Violence,3
78257,Theft of Vehicle,3
78257,Unauthorized Use of Motor Vehicle,2
78257,Indecent Exposure,1
78257,Manslaughter,1
78257,Murder,1
78257,Protective Order Violation,1
78257,Threats,1
78258,Larceny,233
78258,Drug Arrest,156
78258,TABC-Liquor Law Violation,102
78258,Obstruction of Justice,58
78258,Family Violence,57
78258,Trespassing,41
78258,Panhandling,38
78258,Driving While Intoxicated,33
78258,Assault,22
78258,Traffic Violation,19
78258,Burglary Vehicle,16
78258,Fraud,15
78258,Weapon Violation,14
78258,Vandalism,13
78258,Aggravated Assault,6
78258,Aggravated Family Violence,6
78258,Threats,6
78258,Injury to a Child,4
78258,Theft of Vehicle,4
78258,Unauthorized Use of Motor Vehicle,4
78258,Injury to Elderly Person,3
78258,Deadly Conduct,2
78258,Aggravated Robbery Business,1
78258,Aggravated Sexual Assault,1
78258,Burglary Building,1
78258,Sexual Assault,1
78259,Drug Arrest,57
78259,Family Violence,33
78259,TABC-Liquor Law Violation,33
78259,Larceny,30
78259,Fraud,14
78259,Obstruction of Justice,13
78259,Assault,7
78259,Panhandling,7
78259,Aggravated Family Violence,5
78259,Trespassing,5
78259,Weapon Violation,4
78259,Aggravated Assault,3
78259,Burglary Vehicle,3
78259,Protective Order Violation,3
78259,Burglary Building,2
78259,Driving While Intoxicated,2
78259,Theft of Vehicle,2
78259,Threats,2
78259,Indecency with a Child,1
78259,Injury to Elderly Person,1
78259,Kidnapping,1
78259,Sexual Assault,1
78259,Traffic Violation,1
78259,Vandalism,1
78260,Drug Arrest,10
78260,Obstruction of Justice,3
78260,Burglary Building,2
78260,Panhandling,2
78260,Family Violence,1
78260,Fraud,1
78260,TABC-Liquor Law Violation,1
78261,Drug Arrest,1
78264,Drug Arrest,11
78264,TABC-Liquor Law Violation,3
78264,Family Violence,2
78264,Trespassing,2
78264,Obstruction of Justice,1
78264,Panhandling,1
78264,Theft of Vehicle,1
78266,Larceny,93
78266,Panhandling,30
78266,Drug Arrest,20
78266,TABC-Liquor Law Violation,6
78266,Family Violence,5
78266,Robbery Business,5
78266,Traffic Violation,4
78266,Trespassing,3
78266,Assault,2
78266,Burglary Vehicle,2
78266,Driving While Intoxicated,1
78266,Fraud,1
78266,Indecent Exposure,1
78266,Injury to Elderly Person,1
78266,Obstruction of Justice,1
78266,Stalking,1
78266,Theft of Vehicle,1
78266,Unauthorized Use of Motor Vehicle,1
78288,Drug Arrest,2
78288,Driving While Intoxicated,1
78288,Weapon Violation,1
78648,Panhandling,1
